Rnd,Pick,Tm,Player,Pos,Age,To,AP1,PB,St,wAV,DrAV,G,Cmp,Att,Yds,TD,Int,Att,Yds,TD,Rec,Yds,TD,Solo,Int,Sk,College/Univ,,Player-additional
1,1,CAR,Bryce Young,QB,22,2024,0,0,1,6,6,24,428,715,3960,16,16,57,344,1,0,0,0,,,,Alabama,College Stats,YounBr01
1,2,HOU,C.J. Stroud,QB,21,2024,0,1,2,14,14,27,569,895,6983,37,14,77,359,3,1,0,0,,,,Ohio St.,College Stats,StroCJ00
1,3,HOU,Will Anderson,LB,22,2024,0,1,2,10,10,25,0,0,0,0,0,0,0,0,0,0,0,51,,16.5,Alabama,College Stats,AndeWi01
1,4,IND,Anthony Richardson,QB,21,2024,0,0,1,3,3,12,140,275,1979,8,8,86,471,7,0,0,0,,,,Florida,College Stats,RichAn03
1,5,SEA,Devon Witherspoon,DB,22,2024,0,1,2,6,6,25,0,0,0,0,0,0,0,0,0,0,0,98,1,3.0,Illinois,College Stats,WithDe00
1,6,ARI,Paris Johnson,OL,22,2024,0,0,2,8,8,28,0,0,0,0,0,0,0,0,0,0,0,,,,Ohio St.,College Stats,JohnPa03
1,7,LVR,Tyree Wilson,OLB,23,2024,0,0,0,2,2,27,0,0,0,0,0,0,0,0,0,0,0,26,,6.5,Texas Tech,College Stats,WilsTy01
1,8,ATL,Bijan Robinson,RB,21,2024,0,0,2,9,9,28,0,0,0,0,0,381,1759,10,103,846,5,,,,Texas,College Stats,RobiBi01
1,9,PHI,Jalen Carter,DL,22,2024,0,0,1,2,2,27,0,0,0,0,0,0,0,0,0,0,0,35,,9.5,Georgia,College Stats,CartJa05
1,10,CHI,Darnell Wright,OL,22,2024,0,0,2,8,8,27,0,0,0,0,0,0,0,0,0,0,0,,,,Tennessee,College Stats,WrigDa00
1,11,TEN,Peter Skoronski,OL,22,2024,0,0,2,5,5,25,0,0,0,0,0,0,0,0,0,0,0,,,,Northwestern,College Stats,SkorPe00
1,12,DET,Jahmyr Gibbs,RB,21,2024,0,1,0,10,10,26,0,0,0,0,0,336,1831,20,78,581,2,,,,Alabama,College Stats,GibbJa01
1,13,GNB,Lukas Van Ness,DL,22,2024,0,0,0,1,1,28,0,0,0,0,0,0,0,0,0,0,0,40,,6.0,Iowa,College Stats,VanNLu00
1,14,PIT,Broderick Jones,OL,22,2024,0,0,2,5,5,28,0,0,0,0,0,0,0,0,0,0,0,,,,Georgia,College Stats,JoneBr09
1,15,NYJ,Will McDonald,DE,24,2024,0,0,1,2,2,26,0,0,0,0,0,0,0,0,0,0,0,23,,11.0,Iowa St.,College Stats,McDoWi00
1,16,WAS,Emmanuel Forbes,CB,22,2024,0,0,0,2,2,20,0,0,0,0,0,0,0,0,0,0,0,37,2,,Mississippi St.,College Stats,ForbEm00
1,17,NWE,Christian Gonzalez,DB,21,2024,0,0,1,2,2,16,0,0,0,0,0,0,0,0,0,0,0,55,2,1.0,Oregon,College Stats,GonzCh00
1,18,DET,Jack Campbell,LB,23,2024,0,0,2,5,5,28,0,0,0,0,0,0,0,0,0,0,0,97,,3.5,Iowa,College Stats,CampJa04
1,19,TAM,Calijah Kancey,DL,22,2024,0,0,1,6,6,20,0,0,0,0,0,0,0,0,0,0,0,36,,9.0,Pittsburgh,College Stats,KancCa00
1,20,SEA,Jaxon Smith-Njigba,WR,21,2024,0,0,1,6,6,28,1,1,35,0,0,1,8,0,129,1383,8,,,,Ohio St.,College Stats,SmitJa06
1,21,LAC,Quentin Johnston,WR,22,2024,0,0,2,4,4,26,0,0,0,0,0,6,15,0,60,785,8,,,,TCU,College Stats,JohnQu02
1,22,BAL,Zay Flowers,WR,22,2024,0,0,2,9,9,28,0,0,0,0,0,14,103,1,134,1647,9,,,,Boston Col.,College Stats,FlowZa00
1,23,MIN,Jordan Addison,WR,21,2024,0,0,2,7,7,26,0,0,0,0,0,4,22,1,102,1432,14,,,,USC,College Stats,AddiJo00
1,24,NYG,Deonte Banks,DB,22,2024,0,0,2,5,5,26,0,0,0,0,0,0,0,0,0,0,0,86,2,,Maryland,College Stats,BankDe00
1,25,BUF,Dalton Kincaid,TE,23,2024,0,0,2,7,7,26,0,0,0,0,0,0,0,0,107,1029,4,,,,Utah,College Stats,KincDa00
1,26,DAL,Mazi Smith,DL,22,2024,0,0,1,2,2,28,0,0,0,0,0,0,0,0,0,0,0,25,,1.0,Michigan,College Stats,SmitMa06
1,27,JAX,Anton Harrison,OL,21,2024,0,0,2,9,9,28,0,0,0,0,0,0,0,0,0,0,0,,,,Oklahoma,College Stats,HarrAn00
1,28,CIN,Myles Murphy,DE,21,2024,0,0,0,1,1,24,0,0,0,0,0,0,0,0,0,0,0,17,,3.0,Clemson,College Stats,MurpMy00
1,29,NOR,Bryan Bresee,DT,21,2024,0,0,1,2,2,28,0,0,0,0,0,0,0,0,0,0,0,23,,10.0,Clemson,College Stats,BresBr00
1,30,PHI,Nolan Smith,OLB,22,2024,0,0,0,1,1,28,0,0,0,0,0,0,0,0,0,0,0,22,,4.5,Georgia,College Stats,SmitNo02
1,31,KAN,Felix Anudike-Uzomah,DE,21,2024,0,0,0,1,1,28,0,0,0,0,0,0,0,0,0,0,0,20,,2.0,Kansas St.,College Stats,AnudFe00
Rnd,Pick,Tm,Player,Pos,Age,To,AP1,PB,St,wAV,DrAV,G,Cmp,Att,Yds,TD,Int,Att,Yds,TD,Rec,Yds,TD,Solo,Int,Sk,College/Univ,,
2,32,PIT,Joey Porter Jr.,CB,23,2024,0,0,2,4,4,28,0,0,0,0,0,0,0,0,0,0,0,64,2,,Penn St.,College Stats,PortJo02
2,33,TEN,Will Levis,QB,24,2024,0,0,2,6,6,17,285,458,3255,18,13,61,232,1,0,0,0,,,,Kentucky,College Stats,LeviWi00
2,34,DET,Sam LaPorta,TE,22,2024,0,1,2,9,9,27,0,0,0,0,0,1,4,0,114,1274,13,,,,Iowa,College Stats,LaPoSa01
2,35,LVR,Michael Mayer,TE,22,2024,0,0,1,3,3,19,0,0,0,0,0,0,0,0,34,341,2,,,,Notre Dame,College Stats,MayeMi00
2,36,LAR,Steve Avila,C,23,2024,0,0,1,7,7,21,0,0,0,0,0,0,0,0,0,0,0,,,,TCU,College Stats,AvilSt00
2,37,SEA,Derick Hall,DE,22,2024,0,0,1,1,1,28,0,0,0,0,0,0,0,0,0,0,0,35,,6.0,Auburn,College Stats,HallDe04
2,38,ATL,Matthew Bergeron,OL,23,2024,0,0,2,6,6,28,0,0,0,0,0,0,0,0,0,0,0,,,,Syracuse,College Stats,BergMa00
2,39,CAR,Jonathan Mingo,WR,22,2024,0,0,1,3,3,26,0,0,0,0,0,2,5,0,56,547,0,,,,Mississippi,College Stats,MingJo00
2,40,NOR,Isaiah Foskey,DL,22,2024,0,0,0,1,1,21,0,0,0,0,0,0,0,0,0,0,0,8,,,Notre Dame,College Stats,FoskIs00
2,41,ARI,BJ Ojulari,DE,21,2023,0,0,0,1,1,17,0,0,0,0,0,0,0,0,0,0,0,23,,4.0,LSU,College Stats,OjulBJ00
2,42,GNB,Luke Musgrave,TE,23,2024,0,0,1,3,3,15,0,0,0,0,0,0,0,0,39,374,1,,,,Oregon St.,College Stats,MusgLu00
2,43,NYJ,Joe Tippmann,OL,22,2024,0,0,2,4,4,27,0,0,0,0,0,0,0,0,0,0,0,,,,Wisconsin,College Stats,TippJo00
2,44,IND,Julius Brents,DB,23,2024,0,0,0,3,3,10,0,0,0,0,0,0,0,0,0,0,0,33,1,,Kansas St.,College Stats,BrenJu00
2,45,DET,Brian Branch,DB,21,2024,0,0,2,4,4,25,0,0,0,0,0,0,0,0,0,0,0,96,7,1.0,Alabama,College Stats,BranBr00
2,46,NWE,Keion White,DL,24,2024,0,0,1,3,3,28,0,0,0,0,0,0,0,0,0,0,0,39,,6.0,Georgia Tech,College Stats,WhitKe03
2,47,WAS,Quan Martin,DB,23,2024,0,0,1,2,2,28,0,0,0,0,0,0,0,0,0,0,0,65,2,1.0,Illinois,College Stats,MartJa04
2,48,TAM,Cody Mauch,T,24,2024,0,0,2,7,7,28,0,0,0,0,0,0,0,0,0,0,0,,,,North Dakota St.,,MaucCo00
2,49,PIT,Keeanu Benton,NT,22,2024,0,0,2,4,4,28,0,0,0,0,0,0,0,0,0,0,0,27,,1.0,Wisconsin,College Stats,BentKe00
2,50,GNB,Jayden Reed,WR,23,2024,0,0,1,9,9,27,0,0,0,0,0,23,224,3,105,1462,12,,,,Michigan St.,College Stats,ReedJa03
2,51,MIA,Cam Smith,DB,22,2024,0,0,0,1,1,20,0,0,0,0,0,0,0,0,0,0,0,12,,,South Carolina,College Stats,SmitCa02
2,52,SEA,Zach Charbonnet,RB,22,2024,0,0,0,5,5,27,0,0,0,0,0,179,700,5,60,400,1,1,,,UCLA,College Stats,CharZa00
2,53,CHI,Gervon Dexter,DL,21,2024,0,0,1,2,2,28,0,0,0,0,0,0,0,0,0,0,0,32,,6.5,Florida,College Stats,DextGe00
2,54,LAC,Tuli Tuipulotu,DL,21,2024,0,0,2,5,5,28,0,0,0,0,0,0,0,0,0,0,0,57,,11.5,USC,College Stats,TuipTu00
2,55,KAN,Rashee Rice,WR,23,2024,0,0,0,8,8,20,0,0,0,0,0,2,-2,0,103,1226,9,,,,SMU,College Stats,RiceRa01
2,56,CHI,Tyrique Stevenson,CB,23,2024,0,0,2,6,6,26,0,0,0,0,0,0,0,0,0,0,0,99,5,,Miami (FL),College Stats,StevTy01
2,57,NYG,John Michael Schmitz,OL,24,2024,0,0,2,4,4,24,0,0,0,0,0,0,0,0,0,0,0,,,,Minnesota,College Stats,MichJo00
2,58,DAL,Luke Schoonmaker,TE,24,2024,0,0,0,1,1,28,0,0,0,0,0,0,0,0,25,232,3,3,,,Michigan,College Stats,SchoLu00
2,59,BUF,O'Cyrus Torrence,OL,23,2024,0,0,2,8,8,28,0,0,0,0,0,0,0,0,0,0,0,,,,Florida,College Stats,TorrOC00
2,60,CIN,DJ Turner,DB,22,2024,0,0,2,4,4,28,0,0,0,0,0,0,0,0,0,0,0,64,,1.0,Michigan,College Stats,TurnDJ01
2,61,JAX,Brenton Strange,TE,22,2024,0,0,1,0,0,25,0,0,0,0,0,0,0,0,26,256,3,1,,,Penn St.,College Stats,StraBr00
2,62,HOU,Juice Scruggs,OL,23,2024,0,0,1,2,2,18,0,0,0,0,0,0,0,0,0,0,0,,,,Penn St.,College Stats,ScruJu00
2,63,DEN,Marvin Mims,WR,21,2024,0,1,0,5,5,28,0,0,0,0,0,18,66,0,38,539,2,1,,,Oklahoma,College Stats,MimsMa00
3,64,CHI,Zacch Pickens,DL,23,2024,0,0,0,1,1,22,0,0,0,0,0,0,0,0,0,0,0,10,,0.5,South Carolina,College Stats,PickZa00
3,65,PHI,Tyler Steen,OL,23,2024,0,0,0,1,1,22,0,0,0,0,0,0,0,0,0,0,0,,,,Alabama,College Stats,SteeTy00
3,66,PHI,Sydney Brown,DB,23,2024,0,0,0,2,2,20,0,0,0,0,0,0,0,0,0,0,0,36,1,,Illinois,College Stats,BrowSy00
3,67,DEN,Drew Sanders,LB,21,2023,0,0,0,2,2,17,0,0,0,0,0,0,0,0,0,0,0,13,,,Arkansas,College Stats,SandDr00
3,68,DET,Hendon Hooker,QB,25,2024,0,0,0,0,0,3,6,9,62,0,0,5,2,0,0,0,0,,,,Tennessee,College Stats,HookHe00
3,69,HOU,Tank Dell,WR,23,2024,0,0,1,6,6,22,0,0,0,0,0,19,79,0,89,1229,9,,,,Houston,College Stats,DellNa00
3,70,LVR,Byron Young,DL,22,2023,0,0,0,0,0,6,0,0,0,0,0,0,0,0,0,0,0,4,,,Alabama,College Stats,YounBy00
3,71,NOR,Kendre Miller,RB,21,2024,0,0,0,2,2,10,0,0,0,0,0,50,208,1,12,118,0,,,,TCU,College Stats,MillKe01
3,72,ARI,Garrett Williams,DB,22,2024,0,0,1,2,2,19,0,0,0,0,0,0,0,0,0,0,0,48,3,,Syracuse,College Stats,WillGa00
3,73,NYG,Jalin Hyatt,WR,21,2024,0,0,0,3,3,27,0,0,0,0,0,0,0,0,28,418,0,,,,Tennessee,College Stats,HyatJa00
3,74,CLE,Cedric Tillman,WR,23,2024,0,0,0,2,2,25,0,0,0,0,0,2,3,0,50,563,3,,,,Tennessee,College Stats,TillCe01
3,75,ATL,Zach Harrison,DE,22,2024,0,0,0,1,1,27,0,0,0,0,0,0,0,0,0,0,0,21,,3.0,Ohio St.,College Stats,HarrZa00
3,76,NWE,Marte Mapu,DB,23,2024,0,0,0,2,2,24,0,0,0,0,0,0,0,0,0,0,0,25,1,0.5,Sacramento St.,,MapuMa00
3,77,LAR,Byron Young,LB,25,2024,0,0,2,7,7,28,0,0,0,0,0,0,0,0,0,0,0,64,,14.0,Tennessee,College Stats,YounBy01
3,78,GNB,Tucker Kraft,TE,22,2024,0,0,1,4,4,28,0,0,0,0,0,2,4,0,61,757,8,2,,,South Dakota St.,,KrafTu00
3,79,IND,Josh Downs,WR,22,2024,0,0,1,7,7,27,0,0,0,0,0,1,12,0,121,1365,6,,,,North Carolina,College Stats,DownJo00
3,80,CAR,DJ Johnson,OLB,24,2024,0,0,0,2,2,22,0,0,0,0,0,0,0,0,0,0,0,16,,0.5,Oregon,College Stats,JohnDJ00
3,81,TEN,Tyjae Spears,RB,22,2024,0,0,0,6,6,24,0,0,0,0,0,143,614,3,69,473,1,,,,Tulane,College Stats,SpeaTy00
3,82,TAM,YaYa Diaby,DL,24,2024,0,0,1,5,5,28,0,0,0,0,0,0,0,0,0,0,0,47,,9.5,Louisville,College Stats,DiabYa00
3,83,DEN,Riley Moss,DB,23,2024,0,0,1,1,1,26,0,0,0,0,0,0,0,0,0,0,0,55,1,,Iowa,College Stats,MossRi00
3,84,MIA,De'Von Achane,RB,21,2024,0,0,1,7,7,22,0,0,0,0,0,235,1362,11,76,570,8,,,,Texas A&M,College Stats,AchaDe00
3,85,LAC,Daiyan Henley,LB,23,2024,0,0,1,1,1,26,0,0,0,0,0,0,0,0,0,0,0,72,,1.0,Washington St.,College Stats,HenlDa00
3,86,BAL,Trenton Simpson,LB,22,2024,0,0,1,2,2,27,0,0,0,0,0,0,0,0,0,0,0,47,,2.5,Clemson,College Stats,SimpTr00
3,87,SFO,Ji'Ayir Brown,S,23,2024,0,0,1,2,2,26,0,0,0,0,0,0,0,0,0,0,0,57,3,,Penn St.,College Stats,BrowJi01
3,88,JAX,Tank Bigsby,RB,22,2024,0,0,0,1,1,27,0,0,0,0,0,145,651,6,4,42,0,,,,Auburn,College Stats,BigsTa00
3,89,LAR,Kobie Turner,DT,24,2024,0,0,1,3,3,28,0,0,0,0,0,0,0,0,0,0,0,58,,14.0,Wake Forest,College Stats,TurnKo00
3,90,DAL,DeMarvion Overshown,LB,23,2024,0,0,1,0,0,11,0,0,0,0,0,0,0,0,0,0,0,47,,5.0,Texas,College Stats,OverDe00
3,91,BUF,Dorian Williams,LB,22,2024,0,0,1,2,2,28,0,0,0,0,0,0,0,0,0,0,0,84,,,Tulane,College Stats,WillDo04
3,92,KAN,Wanya Morris,OL,22,2024,0,0,1,2,2,25,0,0,0,0,0,0,0,0,1,1,1,,,,Oklahoma,College Stats,MorrWa01
3,93,PIT,Darnell Washington,TE,22,2024,0,0,1,1,1,28,0,0,0,0,0,0,0,0,24,243,1,,,,Georgia,College Stats,WashDa03
3,94,ARI,Michael Wilson,WR,23,2024,0,0,2,6,6,24,0,0,0,0,0,0,0,0,70,926,6,,,,Stanford,College Stats,WilsMi02
3,95,CIN,Jordan Battle,DB,22,2024,0,0,0,3,3,28,0,0,0,0,0,0,0,0,0,0,0,60,1,2.0,Alabama,College Stats,BattJo00
3,96,DET,Brodric Martin,DT,24,2023,0,0,0,0,0,3,0,0,0,0,0,0,0,0,0,0,0,1,,,Western Kentucky,College Stats,MartBr00
3,97,WAS,Ricky Stromberg,OL,22,2023,0,0,0,0,0,4,0,0,0,0,0,0,0,0,0,0,0,,,,Arkansas,College Stats,StroRi01
3,98,CLE,Siaki Ika,DL,22,2023,0,0,0,0,0,4,0,0,0,0,0,0,0,0,0,0,0,,,,Baylor,College Stats,IkaxSi00
3,99,SFO,Jake Moody,K,23,2024,0,0,1,3,3,25,0,0,0,0,0,0,0,0,0,0,0,,,,Michigan,College Stats,MoodJa00
3,100,LVR,Tre Tucker,WR,22,2024,0,0,1,3,3,27,0,0,0,0,0,16,113,1,54,698,3,2,,,Cincinnati,College Stats,TuckTr00
3,101,SFO,Cameron Latu,TE,23,,0,0,0,,,,,,,,,,,,,,,,,,Alabama,College Stats,LatuCa01
3,102,MIN,Mekhi Blackmon,CB,24,2023,0,0,0,2,2,15,0,0,0,0,0,0,0,0,0,0,0,34,1,,USC,College Stats,BlacMe00
4,103,NOR,Nick Saldiveri,OL,23,2024,0,0,0,0,0,14,0,0,0,0,0,0,0,0,0,0,0,,,,Old Dominion,College Stats,SaldNi00
4,104,LVR,Jakorian Bennett,DB,23,2024,0,0,1,2,2,24,0,0,0,0,0,0,0,0,0,0,0,39,,,Maryland,College Stats,BennJa00
4,105,PHI,Kelee Ringo,DB,21,2024,0,0,0,2,2,28,0,0,0,0,0,0,0,0,0,0,0,23,1,1.0,Georgia,College Stats,RingKe00
4,106,IND,Blake Freeland,OL,22,2024,0,0,1,5,5,20,0,0,0,0,0,0,0,0,0,0,0,,,,BYU,College Stats,FreeBl00
4,107,NWE,Jake Andrews,OL,23,2023,0,0,0,1,1,16,0,0,0,0,0,0,0,0,0,0,0,,,,Troy,College Stats,AndrJa00
4,108,SEA,Anthony Bradford,OL,22,2024,0,0,2,4,4,25,0,0,0,0,0,0,0,0,0,0,0,,,,LSU,College Stats,BradAn00
4,109,HOU,Dylan Horton,DL,23,2024,0,0,0,1,1,18,0,0,0,0,0,0,0,0,0,0,0,10,,,TCU,College Stats,HortDy00
4,110,IND,Adetomiwa Adebawore,DL,22,2024,0,0,0,1,1,22,0,0,0,0,0,0,0,0,0,0,0,9,,2.5,Northwestern,College Stats,AdebAd00
4,111,CLE,Dawand Jones,OL,22,2024,0,0,2,4,4,21,0,0,0,0,0,0,0,0,0,0,0,,,,Ohio St.,College Stats,JoneDa07
4,112,NWE,Chad Ryland,K,23,2024,0,0,1,0,0,24,0,0,0,0,0,0,0,0,0,0,0,,,,Maryland,College Stats,RylaCh00
4,113,ATL,Clark Phillips,CB,21,2024,0,0,0,2,2,22,0,0,0,0,0,0,0,0,0,0,0,42,1,,Utah,College Stats,PhilCl00
4,114,CAR,Chandler Zavala,G,24,2024,0,0,0,2,2,21,0,0,0,0,0,0,0,0,0,0,0,,,,North Carolina St.,College Stats,ZavaCh00
4,115,CHI,Roschon Johnson,RB,22,2024,0,0,0,4,4,25,0,0,0,0,0,129,491,8,45,297,0,,,,Texas,College Stats,JohnRo07
4,116,GNB,Colby Wooden,DE,22,2024,0,0,0,1,1,24,0,0,0,0,0,0,0,0,0,0,0,14,,0.5,Auburn,College Stats,WoodCo01
4,117,NWE,Sidy Sow,OL,25,2024,0,0,1,4,4,24,0,0,0,0,0,0,0,0,0,0,0,,,,Eastern Michigan,College Stats,SowxSi00
4,118,WAS,Braeden Daniels,OL,23,,0,0,0,,,,,,,,,,,,,,,,,,Utah,College Stats,DaniBr00
4,119,KAN,Chamarri Conner,DB,23,2024,0,0,0,3,3,28,0,0,0,0,0,0,0,0,0,0,0,70,3,1.0,Virginia Tech,College Stats,ConnCh01
4,120,NYJ,Carter Warren,OL,24,2024,0,0,0,2,2,10,0,0,0,0,0,0,0,0,0,0,0,,,,Pittsburgh,College Stats,WarrCa00
4,121,JAX,Ventrell Miller,LB,24,2024,0,0,1,0,0,11,0,0,0,0,0,0,0,0,0,0,0,49,,,Florida,College Stats,MillVe00
4,122,ARI,Jon Gaines,OL,24,2024,0,0,0,0,0,7,0,0,0,0,0,0,0,0,0,0,0,,,,UCLA,College Stats,GainJo00
4,123,SEA,Cameron Young,DT,23,2024,0,0,0,1,1,17,0,0,0,0,0,0,0,0,0,0,0,10,,,Mississippi St.,College Stats,YounCa00
4,124,BAL,Tavius Robinson,DE,24,2024,0,0,0,2,2,29,0,0,0,0,0,0,0,0,0,0,0,21,,4.5,Mississippi,College Stats,RobiTa00
4,125,LAC,Derius Davis,WR,22,2024,0,0,0,2,2,26,0,0,0,0,0,21,144,0,20,109,0,,,,TCU,College Stats,DaviDe02
4,126,CLE,Isaiah McGuire,DL,22,2024,0,0,0,1,1,14,0,0,0,0,0,0,0,0,0,0,0,15,,1.5,Missouri,College Stats,McGuIs00
4,127,NOR,Jake Haener,QB,24,2024,0,0,0,0,0,6,14,29,177,1,0,9,16,0,0,0,0,,,,Fresno St.,College Stats,HaenJa00
4,128,LAR,Stetson Bennett,QB,25,,0,0,0,,,,,,,,,,,,,,,,,,Georgia,College Stats,BennSt00
4,129,DAL,Viliami Fehoko,DL,23,,0,0,0,,,,,,,,,,,,,,,,,,San Jose St.,College Stats,FehoVi00
4,130,JAX,Tyler Lacy,DE,23,2024,0,0,1,1,1,24,0,0,0,0,0,0,0,0,0,0,0,12,,,Oklahoma St.,College Stats,LacyTy00
4,131,CIN,Charlie Jones,WR,24,2024,0,0,0,2,2,19,0,0,0,0,0,2,13,0,8,69,0,,,,Purdue,College Stats,JoneCh11
4,132,PIT,Nick Herbig,OLB,21,2024,0,0,0,2,2,24,0,0,0,0,0,0,0,0,0,0,0,29,,6.5,Wisconsin,College Stats,HerbNi00
4,133,CHI,Tyler Scott,WR,21,2024,0,0,0,2,2,24,0,0,0,0,0,7,41,0,17,168,0,,,,Cincinnati,College Stats,ScotTy00
4,134,MIN,Jay Ward,S,23,2024,0,0,0,1,1,28,0,0,0,0,0,0,0,0,0,0,0,8,,,LSU,College Stats,WardJa00
4,135,LVR,Aidan O'Connell,QB,25,2024,0,0,1,6,6,15,265,425,2673,14,9,17,11,1,0,0,0,,,,Purdue,College Stats,OConAi00
5,136,JAX,Yasir Abdullah,LB,23,2024,0,0,0,0,0,14,0,0,0,0,0,0,0,0,0,0,0,14,,,Louisville,College Stats,AbduYa00
5,137,WAS,K.J. Henry,DE,24,2024,0,0,0,2,2,14,0,0,0,0,0,0,0,0,0,0,0,15,,2.5,Clemson,College Stats,HenrKJ00
5,138,IND,Darius Rush,DB,23,2024,0,0,0,0,,5,0,0,0,0,0,0,0,0,0,0,0,2,,,South Carolina,College Stats,RushDa00
5,139,ARI,Clayton Tune,QB,24,2024,0,0,0,0,0,11,12,21,62,0,2,13,25,1,0,0,0,,,,Houston,College Stats,TuneCl00
5,140,CLE,Dorian Thompson-Robinson,QB,23,2024,0,0,0,1,1,11,71,137,522,1,6,17,109,0,0,0,0,,,,UCLA,College Stats,ThomDo02
5,141,MIN,Jaquelin Roy,DT,22,2024,0,0,0,1,1,18,0,0,0,0,0,0,0,0,0,0,0,15,,2.0,LSU,College Stats,RoyxJa00
5,142,CLE,Cameron Mitchell,DB,21,2024,0,0,0,2,2,24,0,0,0,0,0,0,0,0,0,0,0,24,,1.0,Northwestern,College Stats,MitcCa01
5,143,NYJ,Israel Abanikanda,RB,20,2023,0,0,0,1,1,6,0,0,0,0,0,22,70,0,7,43,0,,,,Pittsburgh,College Stats,AbanIs00
5,144,NWE,Atonio Mafi,OL,22,2024,0,0,0,2,2,19,0,0,0,0,0,0,0,0,0,0,0,,,,UCLA,College Stats,MafiAt00
5,145,CAR,Jammie Robinson,DB,22,2024,0,0,0,1,1,21,0,0,0,0,0,0,0,0,0,0,0,13,,,Florida St.,College Stats,RobiJa03
5,146,NOR,Jordan Howden,DB,23,2024,0,0,0,3,3,27,0,0,0,0,0,0,0,0,0,0,0,43,1,1.0,Minnesota,College Stats,HowdJo00
5,147,TEN,Josh Whyle,TE,23,2024,0,0,0,1,1,22,0,0,0,0,0,0,0,0,24,242,1,3,,,Cincinnati,College Stats,WhylJo01
5,148,CHI,Noah Sewell,LB,21,2024,0,0,0,1,1,20,0,0,0,0,0,0,0,0,0,0,0,7,,,Oregon,College Stats,SeweNo00
5,149,GNB,Sean Clifford,QB,25,2023,0,0,0,0,0,2,1,1,37,0,0,3,-2,0,0,0,0,,,,Penn St.,College Stats,ClifSe00
5,150,BUF,Justin Shorter,WR,23,2024,0,0,0,0,,5,0,0,0,0,0,0,0,0,0,0,0,,,,Florida,College Stats,ShorJu00
5,151,SEA,Mike Morris,DE,22,2024,0,0,0,0,0,11,0,0,0,0,0,0,0,0,0,0,0,5,,,Michigan,College Stats,MorrMi00
5,152,DET,Colby Sorsdal,OL,23,2024,0,0,0,2,2,17,0,0,0,0,0,0,0,0,0,0,0,,,,William & Mary,,SorsCo00
5,153,TAM,SirVocea Dennis,LB,23,2024,0,0,0,1,1,17,0,0,0,0,0,0,0,0,0,0,0,25,,1.0,Pittsburgh,College Stats,DennSi00
5,154,SEA,Olusegun Oluwatimi,C,24,2024,0,0,0,1,1,22,0,0,0,0,0,0,0,0,0,0,0,,,,Michigan,College Stats,OluwOl00
5,155,SFO,Darrell Luter,CB,23,2024,0,0,0,0,0,10,0,0,0,0,0,0,0,0,0,0,0,5,,,South Alabama,College Stats,LuteDa00
5,156,LAC,Jordan McFadden,OL,23,2024,0,0,0,1,1,13,0,0,0,0,0,0,0,0,0,0,0,,,,Clemson,College Stats,McFaJo00
5,157,BAL,Kyu Blu Kelly,CB,22,2024,0,0,0,0,,9,0,0,0,0,0,0,0,0,0,0,0,5,,,Stanford,College Stats,BluxKy00
5,158,IND,Daniel Scott,S,24,,0,0,0,,,,,,,,,,,,,,,,,,California,College Stats,ScotDa03
5,159,GNB,Dontayvion Wicks,WR,22,2024,0,0,0,6,6,26,1,1,14,0,0,1,1,0,56,798,8,,,,Virginia,College Stats,WickDo00
5,160,JAX,Antonio Johnson,DB,21,2024,0,0,1,2,2,24,0,0,0,0,0,0,0,0,0,0,0,49,2,1.0,Texas A&M,College Stats,JohnAn07
5,161,LAR,Nick Hampton,OLB,23,2024,0,0,0,1,1,21,0,0,0,0,0,0,0,0,0,0,0,4,,,Appalachian St.,College Stats,HampNi00
5,162,IND,Will Mallory,TE,24,2024,0,0,0,2,2,19,0,0,0,0,0,0,0,0,21,229,0,,,,Miami (FL),College Stats,MallWi00
5,163,CIN,Chase Brown,RB,23,2024,0,0,0,3,3,23,0,0,0,0,0,184,786,5,49,363,3,2,,,Illinois,College Stats,BrowCh10
5,164,MIN,Jaren Hall,QB,25,2023,0,0,0,1,1,3,13,20,168,0,1,6,14,0,0,0,0,,,,BYU,College Stats,HallJa00
5,165,CHI,Terell Smith,DB,24,2024,0,0,0,2,2,20,0,0,0,0,0,0,0,0,0,0,0,44,1,,Minnesota,College Stats,SmitTe05
5,166,KAN,BJ Thompson,DE,26,2023,0,0,0,0,0,1,0,0,0,0,0,0,0,0,0,0,0,2,,,S.F. Austin,College Stats,ThomBJ00
5,167,HOU,Henry To'oTo'o,LB,22,2024,0,0,1,4,4,24,0,0,0,0,0,0,0,0,0,0,0,73,1,1.0,Alabama,College Stats,TooTHe00
5,168,ARI,Owen Pappoe,LB,22,2024,0,0,0,1,1,26,0,0,0,0,0,0,0,0,0,0,0,20,,,Auburn,College Stats,PappOw00
5,169,DAL,Asim Richards,OL,22,2024,0,0,0,1,1,19,0,0,0,0,0,0,0,0,0,0,0,1,,,North Carolina,College Stats,RichAs00
5,170,LVR,Christopher Smith,DB,23,2024,0,0,0,1,1,23,0,0,0,0,0,0,0,0,0,0,0,3,,,Georgia,College Stats,SmitCh04
5,171,TAM,Payne Durham,TE,23,2024,0,0,0,1,1,23,0,0,0,0,0,0,0,0,7,92,0,,,,Purdue,College Stats,DurhPa00
5,172,NYG,Eric Gray,RB,23,2024,0,0,0,0,0,24,0,0,0,0,0,30,73,0,14,98,0,,,,Oklahoma,College Stats,GrayEr01
5,173,SFO,Robert Beal,OLB,24,2024,0,0,0,0,0,15,0,0,0,0,0,0,0,0,0,0,0,11,,1.0,Georgia,College Stats,BealRo00
5,174,LAR,Warren McClendon,OL,22,2024,0,0,0,0,0,17,0,0,0,0,0,0,0,0,0,0,0,,,,Georgia,College Stats,McClWa00
5,175,LAR,Davis Allen,TE,22,2024,0,0,0,1,1,24,0,0,0,0,0,0,0,0,16,134,1,1,,,Clemson,College Stats,AlleDa02
5,176,IND,Evan Hull,RB,22,2024,0,0,0,0,0,2,0,0,0,0,0,1,1,0,1,6,0,,,,Northwestern,College Stats,HullEv00
5,177,LAR,Puka Nacua,WR,22,2024,0,1,1,14,14,23,0,0,0,0,0,15,101,0,142,1976,7,,,,BYU,College Stats,NacuPu00
6,178,DAL,Eric Scott,DB,25,,0,0,0,,,,,,,,,,,,,,,,,,Southern Miss,College Stats,ScotEr00
6,179,GNB,Karl Brooks,DT,23,2024,0,0,0,2,2,28,0,0,0,0,0,0,0,0,0,0,0,20,,5.5,Bowling Green,College Stats,BrooKa00
6,180,ARI,Kei'Trel Clark,DB,22,2024,0,0,0,2,2,23,0,0,0,0,0,0,0,0,0,0,0,41,,1.0,Louisville,College Stats,ClarKe02
6,181,TAM,Josh Hayes,CB,24,2024,0,0,0,1,1,25,0,0,0,0,0,0,0,0,0,0,0,19,,,Kansas St.,College Stats,HayeJo01
6,182,LAR,Tre'Vius Tomlinson,CB,23,2023,0,0,0,1,1,15,0,0,0,0,0,0,0,0,0,0,0,11,,,TCU,College Stats,HodgTr00
6,183,DEN,JL Skinner,S,22,2024,0,0,0,0,0,11,0,0,0,0,0,0,0,0,0,0,0,4,,,Boise St.,College Stats,SkinJL00
6,184,NYJ,Zaire Barnes,LB,24,2023,0,0,0,0,0,4,0,0,0,0,0,0,0,0,0,0,0,,,,Western Michigan,College Stats,BarnZa00
6,185,JAX,Parker Washington,WR,21,2024,0,0,0,1,1,20,0,0,0,0,0,0,0,0,26,250,2,,,,Penn St.,College Stats,WashPa01
6,186,TEN,Jaelyn Duncan,OL,23,2024,0,0,0,2,2,14,0,0,0,0,0,0,0,0,0,0,0,,,,Maryland,College Stats,DuncJa00
6,187,NWE,Kayshon Boutte,WR,21,2024,0,0,1,0,0,15,0,0,0,0,0,0,0,0,24,308,1,,,,LSU,College Stats,BoutKa00
6,188,PHI,Tanner McKee,QB,23,,0,0,0,,,,,,,,,,,,,,,,,,Stanford,College Stats,McKeTa01
6,189,LAR,Ochaun Mathis,DE,24,2024,0,0,0,1,1,13,0,0,0,0,0,0,0,0,0,0,0,2,,,Nebraska,College Stats,MathOc00
6,190,CLE,Luke Wypler,OL,22,2023,0,0,0,1,1,5,0,0,0,0,0,0,0,0,0,0,0,,,,Ohio St.,College Stats,WyplLu00
6,191,TAM,Trey Palmer,WR,22,2024,0,0,0,4,4,26,0,0,0,0,0,3,22,0,49,526,4,,,,Nebraska,College Stats,PalmTr00
6,192,NWE,Bryce Baringer,P,24,2024,0,0,1,3,3,29,0,0,0,0,0,0,0,0,0,0,0,1,,,Michigan St.,College Stats,BariBr00
6,193,WAS,Chris Rodriguez,RB,22,2024,0,0,0,2,2,17,0,0,0,0,0,64,303,2,2,12,0,1,,,Kentucky,College Stats,RodrCh00
6,194,KAN,Keondre Coburn,DT,23,2024,0,0,0,0,0,14,0,0,0,0,0,0,0,0,0,0,0,5,,,Texas,College Stats,CobuKe00
6,195,NOR,A.T. Perry,WR,23,2023,0,0,0,2,2,10,0,0,0,0,0,0,0,0,12,246,4,,,,Wake Forest,College Stats,PerrAT00
6,196,TAM,Jose Ramirez,DL,24,2024,0,0,0,0,0,2,0,0,0,0,0,0,0,0,0,0,0,,,,Eastern Michigan,College Stats,RamiJo00
6,197,MIA,Elijah Higgins,WR,22,2024,0,0,0,2,,22,0,0,0,0,0,0,0,0,29,284,3,1,,,Stanford,College Stats,HiggEl00
6,198,SEA,Jerrick Reed,S,23,2024,0,0,0,0,0,14,0,0,0,0,0,0,0,0,0,0,0,11,,,New Mexico,College Stats,ReedJe00
6,199,BAL,Malaesala Aumavae-Laulu,OL,24,2024,0,0,0,0,0,2,0,0,0,0,0,0,0,0,0,0,0,,,,Oregon,College Stats,AumaMa00
6,200,LAC,Scott Matlock,DT,23,2024,0,0,0,1,1,23,0,0,0,0,0,0,0,0,2,16,0,7,,1.0,Boise St.,College Stats,MatlSc00
6,201,HOU,Jarrett Patterson,OL,24,2024,0,0,0,3,3,17,0,0,0,0,0,0,0,0,0,0,0,,,,Notre Dame,College Stats,PattJa03
6,202,JAX,Christian Braswell,DB,23,2024,0,0,0,0,0,6,0,0,0,0,0,0,0,0,0,0,0,1,,,Rutgers,College Stats,BrasCh00
6,203,LVR,Amari Burney,LB,23,2024,0,0,0,1,1,18,0,0,0,0,0,0,0,0,0,0,0,14,,,Florida,College Stats,BurnAm00
6,204,NYJ,Jarrick Bernard-Converse,CB,23,2024,0,0,0,0,0,13,0,0,0,0,0,0,0,0,0,0,0,3,,,LSU,College Stats,BernJa01
6,205,HOU,Xavier Hutchinson,WR,23,2024,0,0,0,1,1,28,0,0,0,0,0,5,49,0,15,160,0,3,,,Iowa St.,College Stats,HutcXa00
6,206,CIN,Andrei Iosivas,WR,23,2024,0,0,1,1,1,27,0,0,0,0,0,0,0,0,35,390,8,3,,,Princeton,,IosiAn00
6,207,GNB,Anders Carlson,K,25,2024,0,0,1,1,1,20,0,0,0,0,0,0,0,0,0,0,0,1,,,Auburn,College Stats,CarlAn00
6,208,JAX,Erick Hallett,DB,23,,0,0,0,,,,,,,,,,,,,,,,,,Pittsburgh,College Stats,HallEr00
6,209,NYG,Tre Hawkins,CB,23,2024,0,0,0,2,2,19,0,0,0,0,0,0,0,0,0,0,0,28,,,Old Dominion,College Stats,HawkTr00
6,210,NWE,Demario Douglas,WR,22,2024,0,0,0,4,4,26,0,0,0,0,0,10,51,0,97,1038,1,,,,Liberty,College Stats,DougDe00
6,211,IND,Titus Leo,LB,24,,0,0,0,,,,,,,,,,,,,,,,,,Wagner,,LeoxTi00
6,212,DAL,Deuce Vaughn,RB,21,2024,0,0,0,1,1,13,0,0,0,0,0,34,73,0,10,58,0,,,,Kansas St.,College Stats,VaugDe00
6,213,ARI,Dante Stills,DT,23,2024,0,0,0,3,3,25,0,0,0,0,0,0,0,0,0,0,0,31,,8.0,West Virginia,College Stats,StilDa01
6,214,NWE,Ameer Speed,CB,22,2024,0,0,0,0,0,14,0,0,0,0,0,0,0,0,0,0,0,8,,,Michigan St.,College Stats,SpeeAm00
6,215,LAR,Zach Evans,RB,22,2023,0,0,0,0,0,10,0,0,0,0,0,9,19,0,0,0,0,,,,Mississippi,College Stats,EvanZa00
6,216,SFO,Dee Winters,LB,22,2024,0,0,0,1,1,24,0,0,0,0,0,0,0,0,0,0,0,13,,,TCU,College Stats,WintDe00
6,217,CIN,Brad Robbins,P,24,2023,0,0,1,1,1,17,0,0,0,0,0,0,0,0,0,0,0,1,,,Michigan,College Stats,RobbBr00
7,218,CHI,Travis Bell,DL,24,2023,0,0,0,0,,2,0,0,0,0,0,0,0,0,0,0,0,2,,,Kennesaw St.,,BellTr01
7,219,DET,Antoine Green,WR,23,2023,0,0,0,0,0,9,0,0,0,0,0,0,0,0,1,2,0,,,,North Carolina,College Stats,GreeAn00
7,220,NYJ,Zack Kuntz,TE,24,2023,0,0,0,0,0,1,0,0,0,0,0,0,0,0,0,0,0,,,,Old Dominion,College Stats,KuntZa00
7,221,IND,Jaylon Jones,DB,21,2024,0,0,2,4,4,29,0,0,0,0,0,0,0,0,0,0,0,81,2,,Texas A&M,College Stats,JoneJa13
7,222,MIN,DeWayne McBride,RB,22,,0,0,0,,,,,,,,,,,,,,,,,,Ala-Birmingham,College Stats,McBrDe00
7,223,LAR,Ethan Evans,P,22,2024,0,0,1,2,2,27,0,0,0,0,0,0,0,0,0,0,0,,,,Wingate,,EvanEt00
7,224,ATL,DeMarcco Hellams,DB,23,2023,0,0,0,2,2,15,0,0,0,0,0,0,0,0,0,0,0,25,,,Alabama,College Stats,HellDe00
7,225,ATL,Jovaughn Gwyn,OL,24,2024,0,0,0,0,0,2,0,0,0,0,0,0,0,0,0,0,0,,,,South Carolina,College Stats,GwynJo00
7,226,JAX,Cooper Hodges,OL,23,2024,0,0,0,0,0,9,0,0,0,0,0,0,0,0,0,0,0,,,,Appalachian St.,College Stats,HodgCo00
7,227,JAX,Raymond Vohasek,DT,,,0,0,0,,,,,,,,,,,,,,,,,,North Carolina,College Stats,VohaRa00
7,228,TEN,Colton Dowell,WR,24,2023,0,0,0,0,0,10,0,0,0,0,0,0,0,0,1,3,0,2,,,UT Martin,,DoweCo00
7,229,BAL,Andrew Vorhees,OL,24,2024,0,0,0,0,0,10,0,0,0,0,0,0,0,0,0,0,0,,,,USC,College Stats,VorhAn00
7,230,BUF,Nick Broeker,OL,22,2024,0,0,0,0,,10,0,0,0,0,0,0,0,0,0,0,0,,,,Mississippi,College Stats,BroeNi00
7,231,LVR,Nesta Jade Silvera,DT,23,2024,0,0,0,0,0,9,0,0,0,0,0,0,0,0,0,0,0,3,,,Arizona St.,College Stats,JadeNe00
7,232,GNB,Carrington Valentine,DB,21,2024,0,0,1,3,3,26,0,0,0,0,0,0,0,0,0,0,0,40,,,Kentucky,College Stats,ValeCa00
7,233,WAS,Andre Jones,DE,24,2024,0,0,0,1,1,16,0,0,0,0,0,0,0,0,0,0,0,2,,,Louisiana,College Stats,JoneAn02
7,234,LAR,Jason Taylor,S,23,2023,0,0,0,0,0,8,0,0,0,0,0,0,0,0,0,0,0,5,,,Oklahoma St.,College Stats,TaylJa05
7,235,GNB,Lew Nichols,RB,22,,0,0,0,,,,,,,,,,,,,,,,,,Central Michigan,College Stats,NichLe00
7,236,IND,Jake Witt,OL,23,,0,0,0,,,,,,,,,,,,,,,,,,Northern Michigan,,WittJa01
7,237,SEA,Kenny McIntosh,RB,23,2024,0,0,0,0,0,14,0,0,0,0,0,4,16,0,0,0,0,1,,,Georgia,College Stats,McInKe00
7,238,MIA,Ryan Hayes,OL,23,,0,0,0,,,,,,,,,,,,,,,,,,Michigan,College Stats,HayeRy00
7,239,LAC,Max Duggan,QB,22,,0,0,0,,,,,,,,,,,,,,,,,,TCU,College Stats,DuggMa00
7,240,JAX,Derek Parish,DL,24,,0,0,0,,,,,,,,,,,,,,,,,,Houston,College Stats,PariDe00
7,241,PIT,Cory Trice,CB,23,2024,0,0,0,0,0,3,0,0,0,0,0,0,0,0,0,0,0,2,1,,Purdue,College Stats,TricCo00
7,242,GNB,Anthony Johnson,DB,23,2024,0,0,0,2,2,16,0,0,0,0,0,0,0,0,0,0,0,18,1,,Iowa St.,College Stats,JohnAn08
7,243,NYG,Jordon Riley,DL,25,2024,0,0,0,1,1,15,0,0,0,0,0,0,0,0,0,0,0,7,,,Oregon,College Stats,RileJo00
7,244,DAL,Jalen Brooks,WR,23,2024,0,0,0,1,1,17,0,0,0,0,0,0,0,0,15,212,0,2,,,South Carolina,College Stats,BrooJa03
7,245,NWE,Isaiah Bolden,CB,23,2024,0,0,0,0,0,9,0,0,0,0,0,0,0,0,0,0,0,1,,,Jackson St.,College Stats,BoldIs00
7,246,CIN,DJ Ivey,CB,23,2024,0,0,0,1,1,13,0,0,0,0,0,0,0,0,0,0,0,4,,,Miami (FL),College Stats,IveyDJ00
7,247,SFO,Brayden Willis,TE,23,2024,0,0,0,0,0,11,0,0,0,0,0,0,0,0,0,0,0,2,,,Oklahoma,College Stats,WillBr06
7,248,HOU,Brandon Hill,DB,23,2023,0,0,0,0,0,2,0,0,0,0,0,0,0,0,0,0,0,,,,Pittsburgh,College Stats,HillBr03
7,249,PHI,Moro Ojomo,DE,22,2024,0,0,0,0,0,19,0,0,0,0,0,0,0,0,0,0,0,7,,,Texas,College Stats,OjomMo00
7,250,KAN,Nic Jones,CB,21,2024,0,0,0,1,1,10,0,0,0,0,0,0,0,0,0,0,0,4,,,Ball St.,College Stats,JoneNi00
7,251,PIT,Spencer Anderson,OL,23,2024,0,0,0,0,0,19,0,0,0,0,0,0,0,0,0,0,0,,,,Maryland,College Stats,AndeSp00
7,252,BUF,Alex Austin,DB,22,2024,0,0,0,1,,12,0,0,0,0,0,0,0,0,0,0,0,7,1,,Oregon St.,College Stats,AustAl00
7,253,SFO,Ronnie Bell,WR,23,2024,0,0,0,1,1,26,0,0,0,0,0,0,0,0,8,90,3,2,,,Michigan,College Stats,BellRo01
7,254,NYG,Gervarrius Owens,DB,23,2023,0,0,0,0,0,3,0,0,0,0,0,0,0,0,0,0,0,,,,Houston,College Stats,OwenGe00
7,255,SFO,Jalen Graham,S,22,2024,0,0,0,0,0,7,0,0,0,0,0,0,0,0,0,0,0,2,,,Purdue,College Stats,GrahJa02
7,256,GNB,Grant Dubose,WR,22,2024,0,0,0,0,,2,0,0,0,0,0,0,0,0,1,13,0,,,,Charlotte,College Stats,DuboGr00
7,257,DEN,Alex Forsyth,OL,24,2024,0,0,0,0,0,12,0,0,0,0,0,0,0,0,0,0,0,,,,Oregon,College Stats,ForsAl00
7,258,CHI,Kendall Williamson,S,23,,0,0,0,,,,,,,,,,,,,,,,,,Stanford,College Stats,WillKe07
7,259,LAR,Desjuan Johnson,DT,24,2024,0,0,0,1,1,15,0,0,0,0,0,0,0,0,0,0,0,6,,2.0,Toledo,College Stats,JohnDe08
